t,obj_x,obj_y,obj_z,joint1,joint2,joint3,joint4,joint5,joint6,gripper_closed
0.5,0.4000,0.1500,0.0180,0.7151,1.3198,-0.0291,-0.1914,0.9998,0.7606,0.0
1.0,0.4000,0.1500,0.0180,0.7916,1.3537,-0.0913,-0.2387,0.9894,0.8424,0.0
1.5,0.4000,0.1500,0.0180,0.8508,1.3628,-0.1612,-0.2522,0.9896,0.8848,0.0
2.0,0.4000,0.1500,0.0180,0.8732,1.3343,-0.1757,-0.2519,0.9479,0.9090,1.0
2.5,0.4000,0.1500,0.0180,0.8936,1.2995,-0.1746,-0.2499,0.9009,0.9397,1.0
3.0,0.4000,0.1500,0.0180,0.8957,1.2960,-0.1745,-0.2497,0.8962,0.9428,1.0
3.5,0.4000,0.1500,0.0180,0.8957,1.2960,-0.1745,-0.2497,0.8962,0.9428,1.0
4.0,0.4000,0.1500,0.0180,0.8957,1.2960,-0.1745,-0.2497,0.8962,0.9428,1.0
4.5,0.4000,0.1500,0.0180,0.8957,1.2960,-0.1745,-0.2497,0.8962,0.9428,1.0
5.0,0.4000,0.1500,0.0180,0.8957,1.2960,-0.1745,-0.2497,0.8962,0.9428,1.0
5.5,0.4000,0.1500,0.0180,0.8957,1.2960,-0.1745,-0.2497,0.8962,0.9428,1.0
6.0,0.4000,0.1500,0.0180,0.8957,1.2960,-0.1745,-0.2497,0.8962,0.9428,1.0
6.5,0.4000,0.1500,0.0180,0.9149,1.2835,-0.1490,-0.2594,0.9273,0.9740,0.0
7.0,0.4000,0.1500,0.0180,1.0026,1.2714,-0.0989,-0.2885,1.0577,1.0862,0.0
7.5,0.4000,0.1500,0.0180,1.0498,1.2899,-0.1237,-0.3103,1.1319,1.1432,0.0
8.0,0.4000,0.1500,0.0180,1.0555,1.2908,-0.1385,-0.3045,1.1391,1.1439,0.0
8.5,0.4000,0.1500,0.0180,1.0381,1.3022,-0.1617,-0.2316,1.1445,1.0748,0.0
9.0,0.4000,0.1500,0.0180,0.9731,1.3291,-0.2037,-0.1410,1.1850,0.9681,0.0
9.5,0.4000,0.1500,0.0180,0.8901,1.3905,-0.2789,-0.0601,1.2689,0.8498,0.0
10.0,0.4000,0.1500,0.0180,0.8614,1.4734,-0.3876,-0.0238,1.3585,0.7967,0.0
10.5,0.4000,0.1500,0.0180,0.8410,1.5315,-0.4637,0.0011,1.4215,0.7588,0.0
11.0,0.4000,0.1500,0.0180,0.8410,1.5315,-0.4637,0.0011,1.4215,0.7588,0.0
11.5,0.4000,0.1500,0.0180,0.8410,1.5315,-0.4637,0.0011,1.4215,0.7588,0.0
12.0,0.4000,0.1500,0.0180,0.8410,1.5315,-0.4637,0.0011,1.4215,0.7588,0.0
12.5,0.4000,0.1500,0.0180,0.8410,1.5315,-0.4637,0.0011,1.4215,0.7588,0.0
13.0,0.4000,0.1500,0.0180,0.8410,1.5315,-0.4637,0.0011,1.4215,0.7588,0.0
13.5,0.4000,0.1500,0.0180,0.8400,1.5292,-0.4576,-0.0003,1.4203,0.7600,0.0
14.0,0.4000,0.1500,0.0180,0.8164,1.4851,-0.3431,-0.0214,1.3815,0.7852,0.0
14.5,0.4000,0.1500,0.0180,0.8090,1.4761,-0.3280,-0.0649,1.3517,0.8084,0.0
15.0,0.4000,0.1500,0.0180,0.7943,1.4856,-0.3561,-0.1107,1.3203,0.8142,0.0
15.5,0.4000,0.1500,0.0180,0.7489,1.5034,-0.3865,-0.1347,1.2813,0.7799,0.0
16.0,0.4000,0.1500,0.0180,0.6940,1.5053,-0.3815,-0.1493,1.2115,0.7299,0.0
16.5,0.4000,0.1500,0.0180,0.6523,1.5150,-0.3734,-0.1890,1.1502,0.6953,0.0
17.0,0.4000,0.1500,0.0180,0.5911,1.5674,-0.4020,-0.2373,1.1435,0.6487,0.0
17.5,0.4000,0.1500,0.0180,0.5414,1.6154,-0.4304,-0.2764,1.1447,0.6088,0.0
18.0,0.4000,0.1500,0.0180,0.5414,1.6154,-0.4304,-0.2764,1.1447,0.6088,0.0
18.5,0.4000,0.1500,0.0180,0.5414,1.6154,-0.4304,-0.2764,1.1447,0.6088,0.0
19.0,0.4000,0.1500,0.0180,0.5414,1.6154,-0.4304,-0.2764,1.1447,0.6088,0.0
19.5,0.4000,0.1500,0.0180,0.5414,1.6154,-0.4304,-0.2764,1.1447,0.6088,0.0
20.0,0.4000,0.1500,0.0180,0.5414,1.6154,-0.4304,-0.2764,1.1447,0.6088,0.0
20.5,0.4000,0.1500,0.0180,0.5414,1.6154,-0.4304,-0.2764,1.1447,0.6088,0.0
21.0,0.4000,0.1500,0.0180,0.5420,1.6085,-0.4209,-0.2740,1.1474,0.6088,0.0
21.5,0.4000,0.1500,0.0180,0.5562,1.4911,-0.2510,-0.2162,1.2029,0.6228,0.0
22.0,0.4000,0.1500,0.0180,0.5478,1.4541,-0.2028,-0.1671,1.2582,0.6083,0.0
22.5,0.4000,0.1500,0.0180,0.5283,1.4669,-0.2249,-0.1320,1.3021,0.5643,0.0
23.0,0.4000,0.1500,0.0180,0.5201,1.5121,-0.2837,-0.1130,1.3416,0.5440,0.0
23.5,0.4000,0.1500,0.0180,0.4963,1.5539,-0.3424,-0.0852,1.3662,0.5278,0.0
24.0,0.4000,0.1500,0.0180,0.4616,1.6033,-0.3944,-0.0653,1.3944,0.4903,0.0
24.5,0.4000,0.1500,0.0180,0.3819,1.6008,-0.3414,-0.0522,1.3567,0.4270,1.0
25.0,0.4000,0.1500,0.0180,0.2999,1.5908,-0.2754,-0.0415,1.3149,0.3644,1.0
25.5,0.4000,0.1500,0.0180,0.2999,1.5908,-0.2754,-0.0415,1.3149,0.3644,1.0
26.0,0.4000,0.1500,0.0180,0.2999,1.5908,-0.2754,-0.0415,1.3149,0.3644,1.0
26.5,0.4000,0.1500,0.0180,0.2999,1.5908,-0.2754,-0.0415,1.3149,0.3644,1.0
27.0,0.4000,0.1500,0.0180,0.2999,1.5908,-0.2754,-0.0415,1.3149,0.3644,1.0
27.5,0.4000,0.1500,0.0180,0.2999,1.5908,-0.2754,-0.0415,1.3149,0.3644,1.0
28.0,0.4000,0.1500,0.0180,0.2999,1.5908,-0.2754,-0.0415,1.3149,0.3644,1.0
28.5,0.4000,0.1500,0.0180,0.4841,1.5204,-0.2194,-0.0530,1.3261,0.5268,0.0
29.0,0.4000,0.1500,0.0180,0.5899,1.4647,-0.1671,-0.0581,1.3072,0.6240,0.0
29.5,0.4000,0.1500,0.0180,0.6318,1.4344,-0.1442,-0.0817,1.2885,0.6570,0.0
30.0,0.4000,0.1500,0.0180,0.6640,1.4365,-0.1576,-0.1438,1.2592,0.6982,0.0
30.5,0.4000,0.1500,0.0180,0.6400,1.4267,-0.1958,-0.1785,1.1982,0.6862,0.0
31.0,0.4000,0.1500,0.0180,0.5917,1.3808,-0.2160,-0.1918,1.0964,0.6543,0.0
31.5,0.4000,0.1500,0.0180,0.5655,1.3291,-0.1799,-0.1761,1.0121,0.6333,1.0
32.0,0.4000,0.1500,0.0180,0.5413,1.2804,-0.1352,-0.1549,0.9369,0.6157,1.0
32.5,0.4000,0.1500,0.0180,0.5399,1.2774,-0.1324,-0.1536,0.9323,0.6146,1.0
33.0,0.4000,0.1500,0.0180,0.5399,1.2774,-0.1324,-0.1536,0.9323,0.6146,1.0
33.5,0.4000,0.1500,0.0180,0.5399,1.2774,-0.1324,-0.1536,0.9323,0.6146,1.0
34.0,0.4000,0.1500,0.0180,0.5399,1.2774,-0.1324,-0.1536,0.9323,0.6146,1.0
34.5,0.4000,0.1500,0.0180,0.5399,1.2774,-0.1324,-0.1536,0.9323,0.6146,1.0
35.0,0.4000,0.1500,0.0180,0.5399,1.2774,-0.1324,-0.1536,0.9323,0.6146,1.0
35.5,0.4000,0.1500,0.0180,0.5399,1.2774,-0.1324,-0.1536,0.9323,0.6146,1.0
36.0,0.4000,0.1500,0.0180,0.6798,1.2956,-0.1103,-0.1814,1.0247,0.7511,0.0
36.5,0.4000,0.1500,0.0180,0.8100,1.2989,-0.1013,-0.2195,1.1027,0.8791,0.0
37.0,0.4000,0.1500,0.0180,0.8834,1.3060,-0.1196,-0.1989,1.1471,0.9288,0.0
37.5,0.4000,0.1500,0.0180,0.8746,1.2908,-0.1364,-0.1514,1.1231,0.9080,0.0
38.0,0.4000,0.1500,0.0180,0.8777,1.2850,-0.1487,-0.1370,1.0692,0.9177,0.0
38.5,0.4000,0.1500,0.0180,0.8809,1.2896,-0.1709,-0.1276,1.0364,0.9244,0.0
39.0,0.4000,0.1500,0.0180,0.8675,1.3265,-0.2038,-0.1066,1.0574,0.9062,1.0
39.5,0.4000,0.1500,0.0180,0.8336,1.3627,-0.2362,-0.0882,1.0762,0.8708,1.0
40.0,0.4000,0.1500,0.0180,0.8248,1.3721,-0.2447,-0.0833,1.0810,0.8616,1.0
40.5,0.4000,0.1500,0.0180,0.8248,1.3721,-0.2447,-0.0833,1.0810,0.8616,1.0
41.0,0.4000,0.1500,0.0180,0.8248,1.3721,-0.2447,-0.0833,1.0810,0.8616,1.0
41.5,0.4000,0.1500,0.0180,0.8248,1.3721,-0.2447,-0.0833,1.0810,0.8616,1.0
42.0,0.4000,0.1500,0.0180,0.8248,1.3721,-0.2447,-0.0833,1.0810,0.8616,1.0
42.5,0.4000,0.1500,0.0180,0.8248,1.3721,-0.2447,-0.0833,1.0810,0.8616,1.0
43.0,0.4000,0.1500,0.0180,0.9063,1.3520,-0.2041,-0.0898,1.1103,0.9339,0.0
43.5,0.4000,0.1500,0.0180,1.0272,1.3060,-0.1534,-0.1004,1.1447,1.0412,0.0
44.0,0.4000,0.1500,0.0180,1.1124,1.2922,-0.1463,-0.1125,1.1614,1.1258,0.0
44.5,0.4000,0.1500,0.0180,1.1587,1.2976,-0.1596,-0.1102,1.1521,1.1812,0.0
45.0,0.4000,0.1500,0.0180,1.1882,1.2977,-0.1882,-0.0961,1.1211,1.2182,0.0
45.5,0.4000,0.1500,0.0180,1.1964,1.2949,-0.2348,-0.0797,1.0913,1.2337,0.0
46.0,0.4000,0.1500,0.0180,1.1950,1.2952,-0.2571,-0.0719,1.0517,1.2196,0.0
46.5,0.4000,0.1500,0.0180,1.1822,1.3035,-0.2778,-0.0786,1.0061,1.2046,0.0
47.0,0.4000,0.1500,0.0180,1.1756,1.3079,-0.2885,-0.0821,0.9824,1.1968,0.0
47.5,0.4000,0.1500,0.0180,1.1756,1.3079,-0.2885,-0.0821,0.9824,1.1968,0.0
48.0,0.4000,0.1500,0.0180,1.1756,1.3079,-0.2885,-0.0821,0.9824,1.1968,0.0
48.5,0.4000,0.1500,0.0180,1.1756,1.3079,-0.2885,-0.0821,0.9824,1.1968,0.0
49.0,0.4000,0.1500,0.0180,1.1756,1.3079,-0.2885,-0.0821,0.9824,1.1968,0.0
49.5,0.4000,0.1500,0.0180,1.1756,1.3079,-0.2885,-0.0821,0.9824,1.1968,0.0
50.0,0.4000,0.1500,0.0180,1.1836,1.3133,-0.2799,-0.0827,1.0059,1.2029,0.0
50.5,0.4000,0.1500,0.0180,1.2152,1.3317,-0.2553,-0.0772,1.0796,1.2003,0.0
51.0,0.4000,0.1500,0.0180,1.2174,1.3562,-0.2942,-0.0578,1.1086,1.1840,0.0
51.5,0.4000,0.1500,0.0180,1.1685,1.3952,-0.3426,-0.0264,1.1106,1.1501,0.0
52.0,0.4000,0.1500,0.0180,1.1263,1.4193,-0.3872,-0.0108,1.0572,1.1144,0.0
52.5,0.4000,0.1500,0.0180,1.0977,1.4266,-0.4231,-0.0267,0.9937,1.0942,0.0
53.0,0.4000,0.1500,0.0180,1.0756,1.4011,-0.4347,-0.0622,0.9045,1.0854,0.0
53.5,0.4000,0.1500,0.0180,1.0570,1.3955,-0.4150,-0.0806,0.8403,1.0728,0.0
54.0,0.4000,0.1500,0.0180,1.0445,1.3914,-0.3982,-0.0941,0.7905,1.0649,0.0
54.5,0.4000,0.1500,0.0180,1.0445,1.3914,-0.3982,-0.0941,0.7905,1.0649,0.0
55.0,0.4000,0.1500,0.0180,1.0445,1.3914,-0.3982,-0.0941,0.7905,1.0649,0.0
55.5,0.4000,0.1500,0.0180,1.0445,1.3914,-0.3982,-0.0941,0.7905,1.0649,0.0
56.0,0.4000,0.1500,0.0180,1.0445,1.3914,-0.3982,-0.0941,0.7905,1.0649,0.0
56.5,0.4000,0.1500,0.0180,1.0445,1.3914,-0.3982,-0.0941,0.7905,1.0649,0.0
57.0,0.4000,0.1500,0.0180,1.0445,1.3914,-0.3982,-0.0941,0.7905,1.0649,0.0
57.5,0.4000,0.1500,0.0180,1.0510,1.3378,-0.3706,-0.0833,0.8610,1.0636,0.0
58.0,0.4000,0.1500,0.0180,1.0529,1.2932,-0.4055,-0.0945,0.8708,1.0860,0.0
58.5,0.4000,0.1500,0.0180,1.0437,1.2705,-0.4404,-0.1310,0.8461,1.0924,0.0
59.0,0.4000,0.1500,0.0180,0.9991,1.2916,-0.5041,-0.1538,0.8348,1.0549,0.0
59.5,0.4000,0.1500,0.0180,0.9241,1.3262,-0.5970,-0.1567,0.8125,0.9898,0.0
60.0,0.4000,0.1500,0.0180,0.8221,1.3442,-0.6901,-0.1254,0.7681,0.8885,0.0
60.5,0.4000,0.1500,0.0180,0.7474,1.3391,-0.7524,-0.1030,0.6817,0.8098,0.0
61.0,0.4000,0.1500,0.0180,0.6711,1.3242,-0.8191,-0.0809,0.5797,0.7287,0.0
61.5,0.4000,0.1500,0.0180,0.6680,1.3236,-0.8218,-0.0800,0.5756,0.7254,0.0
62.0,0.4000,0.1500,0.0180,0.6680,1.3236,-0.8218,-0.0800,0.5756,0.7254,0.0
62.5,0.4000,0.1500,0.0180,0.6680,1.3236,-0.8218,-0.0800,0.5756,0.7254,0.0
63.0,0.4000,0.1500,0.0180,0.6680,1.3236,-0.8218,-0.0800,0.5756,0.7254,0.0
63.5,0.4000,0.1500,0.0180,0.6680,1.3236,-0.8218,-0.0800,0.5756,0.7254,0.0
64.0,0.4000,0.1500,0.0180,0.6680,1.3236,-0.8218,-0.0800,0.5756,0.7254,0.0
64.5,0.4000,0.1500,0.0180,0.6680,1.3236,-0.8218,-0.0800,0.5756,0.7254,0.0
65.0,0.4000,0.1500,0.0180,0.7024,1.2621,-0.6095,-0.1071,0.6668,0.7619,0.0
65.5,0.4000,0.1500,0.0180,0.6931,1.1642,-0.4944,-0.1383,0.6172,0.7691,0.0
66.0,0.4000,0.1500,0.0180,0.6609,1.0693,-0.4530,-0.1640,0.5201,0.7588,0.0
66.5,0.4000,0.1500,0.0180,0.6195,1.0223,-0.4478,-0.1923,0.4358,0.7307,0.0
67.0,0.4000,0.1500,0.0180,0.5466,1.0162,-0.4660,-0.2284,0.3616,0.6940,0.0
67.5,0.4000,0.1500,0.0180,0.4589,1.0027,-0.5179,-0.2753,0.2725,0.6530,1.0
68.0,0.4000,0.1500,0.0180,0.3522,1.0046,-0.5121,-0.3131,0.2349,0.5753,1.0
68.5,0.4000,0.1500,0.0180,0.2460,1.0128,-0.5015,-0.3510,0.2035,0.4998,1.0
69.0,0.4000,0.1500,0.0180,0.2460,1.0128,-0.5015,-0.3510,0.2035,0.4998,1.0
69.5,0.4000,0.1500,0.0180,0.2460,1.0128,-0.5015,-0.3510,0.2035,0.4998,1.0
70.0,0.4000,0.1500,0.0180,0.2460,1.0128,-0.5015,-0.3510,0.2035,0.4998,1.0
70.5,0.4000,0.1500,0.0180,0.2460,1.0128,-0.5015,-0.3510,0.2035,0.4998,1.0
71.0,0.4000,0.1500,0.0180,0.2460,1.0128,-0.5015,-0.3510,0.2035,0.4998,1.0
71.5,0.4000,0.1500,0.0180,0.2460,1.0128,-0.5015,-0.3510,0.2035,0.4998,1.0
72.0,0.4000,0.1500,0.0180,0.3439,0.9023,-0.3968,-0.3576,0.2093,0.6037,0.0
72.5,0.4000,0.1500,0.0180,0.4381,0.7414,-0.2886,-0.3637,0.2110,0.7063,0.0
73.0,0.4000,0.1500,0.0180,0.4202,0.6552,-0.2268,-0.3781,0.2053,0.7116,0.0
73.5,0.4000,0.1500,0.0180,0.3684,0.5970,-0.2280,-0.3909,0.1598,0.6810,0.0
74.0,0.4000,0.1500,0.0180,0.3067,0.5548,-0.2973,-0.3811,0.1107,0.6183,0.0
74.5,0.4000,0.1500,0.0180,0.2534,0.5210,-0.3926,-0.3434,0.0795,0.5334,0.0
75.0,0.4000,0.1500,0.0180,0.1930,0.5052,-0.4779,-0.2983,0.0636,0.4368,0.0
75.5,0.4000,0.1500,0.0180,0.1188,0.4935,-0.5681,-0.2410,0.0531,0.3349,0.0
76.0,0.4000,0.1500,0.0180,0.0802,0.4874,-0.6150,-0.2113,0.0476,0.2819,0.0
76.5,0.4000,0.1500,0.0180,0.0802,0.4874,-0.6150,-0.2113,0.0476,0.2819,0.0
77.0,0.4000,0.1500,0.0180,0.0802,0.4874,-0.6150,-0.2113,0.0476,0.2819,0.0
77.5,0.4000,0.1500,0.0180,0.0802,0.4874,-0.6150,-0.2113,0.0476,0.2819,0.0
78.0,0.4000,0.1500,0.0180,0.0802,0.4874,-0.6150,-0.2113,0.0476,0.2819,0.0
78.5,0.4000,0.1500,0.0180,0.0802,0.4874,-0.6150,-0.2113,0.0476,0.2819,0.0
79.0,0.4000,0.1500,0.0180,0.0802,0.4874,-0.6150,-0.2113,0.0476,0.2819,0.0
79.5,0.4000,0.1500,0.0180,0.1320,0.4024,-0.4718,-0.2280,0.0188,0.3206,0.0
80.0,0.4000,0.1500,0.0180,0.1672,0.3252,-0.3932,-0.2384,-0.0408,0.3322,0.0
80.5,0.4000,0.1500,0.0180,0.1756,0.2866,-0.4015,-0.2417,-0.1138,0.3275,0.0
81.0,0.4000,0.1500,0.0180,0.1688,0.2513,-0.4664,-0.2344,-0.2135,0.3016,0.0
81.5,0.4000,0.1500,0.0180,0.1558,0.1993,-0.5288,-0.2079,-0.3430,0.2674,0.0
82.0,0.4000,0.1500,0.0180,0.1367,0.1591,-0.5762,-0.1675,-0.4403,0.2192,0.0
82.5,0.4000,0.1500,0.0180,0.1226,0.1378,-0.6400,-0.1221,-0.4872,0.1821,0.0
83.0,0.4000,0.1500,0.0180,0.1168,0.1176,-0.6970,-0.0763,-0.5266,0.1497,0.0
83.5,0.4000,0.1500,0.0180,0.1157,0.1139,-0.7075,-0.0678,-0.5338,0.1437,0.0
84.0,0.4000,0.1500,0.0180,0.1157,0.1139,-0.7075,-0.0678,-0.5338,0.1437,0.0
84.5,0.4000,0.1500,0.0180,0.1157,0.1139,-0.7075,-0.0678,-0.5338,0.1437,0.0
85.0,0.4000,0.1500,0.0180,0.1157,0.1139,-0.7075,-0.0678,-0.5338,0.1437,0.0
85.5,0.4000,0.1500,0.0180,0.1157,0.1139,-0.7075,-0.0678,-0.5338,0.1437,0.0
86.0,0.4000,0.1500,0.0180,0.1157,0.1139,-0.7075,-0.0678,-0.5338,0.1437,0.0
86.5,0.4000,0.1500,0.0180,0.1162,0.1094,-0.7056,-0.0679,-0.5361,0.1443,0.0
87.0,0.4000,0.1500,0.0180,0.1470,-0.0715,-0.6775,-0.0720,-0.6747,0.1814,0.0
87.5,0.4000,0.1500,0.0180,0.1588,-0.1622,-0.7194,-0.0733,-0.8085,0.1902,0.0
88.0,0.4000,0.1500,0.0180,0.1965,-0.2106,-0.7819,-0.0704,-0.9106,0.2107,0.0
88.5,0.4000,0.1500,0.0180,0.2424,-0.2270,-0.8484,-0.0641,-0.9845,0.2397,0.0
89.0,0.4000,0.1500,0.0180,0.2699,-0.2309,-0.9351,-0.0584,-1.0353,0.2600,0.0
89.5,0.4000,0.1500,0.0180,0.2753,-0.2404,-1.0323,-0.0547,-1.0850,0.2588,0.0
90.0,0.4000,0.1500,0.0180,0.2763,-0.2474,-1.1135,-0.0517,-1.1211,0.2546,0.0
90.5,0.4000,0.1500,0.0180,0.2777,-0.2536,-1.1915,-0.0487,-1.1566,0.2482,0.0
91.0,0.4000,0.1500,0.0180,0.2777,-0.2536,-1.1915,-0.0487,-1.1566,0.2482,0.0
91.5,0.4000,0.1500,0.0180,0.2777,-0.2536,-1.1915,-0.0487,-1.1566,0.2482,0.0
92.0,0.4000,0.1500,0.0180,0.2777,-0.2536,-1.1915,-0.0487,-1.1566,0.2482,0.0
92.5,0.4000,0.1500,0.0180,0.2777,-0.2536,-1.1915,-0.0487,-1.1566,0.2482,0.0
93.0,0.4000,0.1500,0.0180,0.2777,-0.2536,-1.1915,-0.0487,-1.1566,0.2482,0.0
93.5,0.4000,0.1500,0.0180,0.2777,-0.2536,-1.1915,-0.0487,-1.1566,0.2482,0.0
94.0,0.4000,0.1500,0.0180,0.2818,-0.2640,-1.1926,-0.0480,-1.1655,0.2504,0.0
94.5,0.4000,0.1500,0.0180,0.3284,-0.4351,-1.2055,-0.0329,-1.3486,0.2874,0.0
95.0,0.4000,0.1500,0.0180,0.3348,-0.5320,-1.2408,-0.0263,-1.4629,0.2802,0.0
95.5,0.4000,0.1500,0.0180,0.3473,-0.5945,-1.3048,-0.0254,-1.5561,0.2968,0.0
96.0,0.4000,0.1500,0.0180,0.3694,-0.6398,-1.3816,-0.0224,-1.5708,0.3169,0.0
96.5,0.4000,0.1500,0.0180,0.3953,-0.6599,-1.3963,-0.0155,-1.5600,0.3530,0.0
97.0,0.4000,0.1500,0.0180,0.3675,-0.6791,-1.3963,-0.0015,-1.5291,0.3330,0.0
97.5,0.4000,0.1500,0.0180,0.2984,-0.6854,-1.3962,0.0334,-1.4886,0.2880,1.0
98.0,0.4000,0.1500,0.0180,0.2291,-0.6805,-1.3962,0.0801,-1.4484,0.2453,1.0
98.5,0.4000,0.1500,0.0180,0.2291,-0.6805,-1.3962,0.0801,-1.4484,0.2453,1.0
99.0,0.4000,0.1500,0.0180,0.2291,-0.6805,-1.3962,0.0801,-1.4484,0.2453,1.0
99.5,0.4000,0.1500,0.0180,0.2291,-0.6805,-1.3962,0.0801,-1.4484,0.2453,1.0
100.0,0.4000,0.1500,0.0180,0.2291,-0.6805,-1.3962,0.0801,-1.4484,0.2453,1.0
100.5,0.4000,0.1500,0.0180,0.2291,-0.6805,-1.3962,0.0801,-1.4484,0.2453,1.0
101.0,0.4000,0.1500,0.0180,0.2291,-0.6805,-1.3962,0.0801,-1.4484,0.2453,1.0
101.5,0.4000,0.1500,0.0180,0.2303,-0.6873,-1.3570,0.0527,-1.5611,0.2159,0.0
102.0,0.4000,0.1500,0.0180,0.3138,-0.6930,-1.3046,0.0337,-1.5708,0.2856,0.0
102.5,0.4000,0.1500,0.0180,0.3679,-0.6911,-1.2833,0.0191,-1.5708,0.3118,0.0
103.0,0.4000,0.1500,0.0180,0.3763,-0.6931,-1.2848,0.0096,-1.5708,0.2968,0.0
103.5,0.4000,0.1500,0.0180,0.3910,-0.6876,-1.3106,0.0056,-1.5708,0.3041,0.0
104.0,0.4000,0.1500,0.0180,0.3802,-0.6927,-1.3443,-0.0002,-1.5625,0.3032,1.0
104.5,0.4000,0.1500,0.0180,0.3350,-0.7194,-1.3611,0.0198,-1.5340,0.2664,1.0
105.0,0.4000,0.1500,0.0180,0.2794,-0.7235,-1.3677,0.0695,-1.5285,0.2178,1.0
105.5,0.4000,0.1500,0.0180,0.2627,-0.7254,-1.3697,0.0844,-1.5272,0.2032,1.0
106.0,0.4000,0.1500,0.0180,0.2627,-0.7254,-1.3697,0.0844,-1.5272,0.2032,1.0
106.5,0.4000,0.1500,0.0180,0.2627,-0.7254,-1.3697,0.0844,-1.5272,0.2032,1.0
107.0,0.4000,0.1500,0.0180,0.2627,-0.7254,-1.3697,0.0844,-1.5272,0.2032,1.0
107.5,0.4000,0.1500,0.0180,0.2627,-0.7254,-1.3697,0.0844,-1.5272,0.2032,1.0
108.0,0.4000,0.1500,0.0180,0.2627,-0.7254,-1.3697,0.0844,-1.5272,0.2032,1.0
108.5,0.4000,0.1500,0.0180,0.2627,-0.7254,-1.3697,0.0844,-1.5272,0.2032,1.0
109.0,0.4000,0.1500,0.0180,0.3530,-0.7277,-1.2766,0.0873,-1.5708,0.2515,0.0
109.5,0.4000,0.1500,0.0180,0.4000,-0.7169,-1.2278,0.0927,-1.5700,0.2846,0.0
110.0,0.4000,0.1500,0.0180,0.4188,-0.6913,-1.1800,0.0958,-1.5708,0.3028,0.0
110.5,0.4000,0.1500,0.0180,0.4184,-0.6829,-1.1808,0.1015,-1.5563,0.3206,0.0
111.0,0.4000,0.1500,0.0180,0.4260,-0.6919,-1.2186,0.1195,-1.5025,0.3349,0.0
111.5,0.4000,0.1500,0.0180,0.4411,-0.6951,-1.2860,0.1307,-1.4887,0.3398,0.0
112.0,0.4000,0.1500,0.0180,0.4915,-0.7212,-1.2992,0.1516,-1.4379,0.3765,1.0
112.5,0.4000,0.1500,0.0180,0.5362,-0.7228,-1.3026,0.1708,-1.3905,0.4290,1.0
113.0,0.4000,0.1500,0.0180,0.5362,-0.7228,-1.3026,0.1708,-1.3905,0.4290,1.0
113.5,0.4000,0.1500,0.0180,0.5362,-0.7228,-1.3026,0.1708,-1.3905,0.4290,1.0
114.0,0.4000,0.1500,0.0180,0.5362,-0.7228,-1.3026,0.1708,-1.3905,0.4290,1.0
114.5,0.4000,0.1500,0.0180,0.5362,-0.7228,-1.3026,0.1708,-1.3905,0.4290,1.0
115.0,0.4000,0.1500,0.0180,0.5362,-0.7228,-1.3026,0.1708,-1.3905,0.4290,1.0
115.5,0.4000,0.1500,0.0180,0.5362,-0.7228,-1.3026,0.1708,-1.3905,0.4290,1.0
116.0,0.4000,0.1500,0.0180,0.5459,-0.7220,-1.2638,0.1689,-1.3869,0.4449,0.0
116.5,0.4000,0.1500,0.0180,0.5932,-0.6866,-1.1320,0.1607,-1.3859,0.5061,0.0
117.0,0.4000,0.1500,0.0180,0.6121,-0.6705,-1.0622,0.1539,-1.4131,0.5109,0.0
117.5,0.4000,0.1500,0.0180,0.6303,-0.6892,-1.0270,0.1538,-1.4437,0.5171,0.0
118.0,0.4000,0.1500,0.0180,0.6198,-0.6926,-1.0531,0.1517,-1.4863,0.5116,0.0
118.5,0.4000,0.1500,0.0180,0.6375,-0.6756,-1.1081,0.1455,-1.4759,0.5267,0.0
119.0,0.4000,0.1500,0.0180,0.6353,-0.6573,-1.1811,0.1420,-1.4365,0.5236,0.0
119.5,0.4000,0.1500,0.0180,0.5945,-0.6497,-1.2643,0.1358,-1.4002,0.5067,0.0
120.0,0.4000,0.1500,0.0180,0.5583,-0.6466,-1.3279,0.1312,-1.3758,0.4875,0.0
120.5,0.4000,0.1500,0.0180,0.5583,-0.6466,-1.3279,0.1312,-1.3758,0.4875,0.0
121.0,0.4000,0.1500,0.0180,0.5583,-0.6466,-1.3279,0.1312,-1.3758,0.4875,0.0
121.5,0.4000,0.1500,0.0180,0.5583,-0.6466,-1.3279,0.1312,-1.3758,0.4875,0.0
122.0,0.4000,0.1500,0.0180,0.5583,-0.6466,-1.3279,0.1312,-1.3758,0.4875,0.0
122.5,0.4000,0.1500,0.0180,0.5583,-0.6466,-1.3279,0.1312,-1.3758,0.4875,0.0
123.0,0.4000,0.1500,0.0180,0.5583,-0.6466,-1.3279,0.1312,-1.3758,0.4875,0.0
123.5,0.4000,0.1500,0.0180,0.6165,-0.6038,-1.1837,0.1413,-1.4000,0.6096,0.0
124.0,0.4000,0.1500,0.0180,0.7002,-0.5733,-1.0981,0.1444,-1.4165,0.6887,0.0
124.5,0.4000,0.1500,0.0180,0.7461,-0.5618,-1.0770,0.1432,-1.4305,0.7269,0.0
125.0,0.4000,0.1500,0.0180,0.7571,-0.5860,-1.1153,0.1428,-1.4554,0.7266,0.0
125.5,0.4000,0.1500,0.0180,0.7934,-0.6162,-1.1700,0.1447,-1.4656,0.7556,0.0
126.0,0.4000,0.1500,0.0180,0.8017,-0.6489,-1.2147,0.1525,-1.4329,0.7497,0.0
126.5,0.4000,0.1500,0.0180,0.7929,-0.6886,-1.2369,0.1623,-1.3746,0.7262,1.0
127.0,0.4000,0.1500,0.0180,0.7731,-0.7239,-1.2564,0.1717,-1.3328,0.6985,1.0
127.5,0.4000,0.1500,0.0180,0.7723,-0.7253,-1.2572,0.1721,-1.3311,0.6974,1.0
128.0,0.4000,0.1500,0.0180,0.7723,-0.7253,-1.2572,0.1721,-1.3311,0.6974,1.0
128.5,0.4000,0.1500,0.0180,0.7723,-0.7253,-1.2572,0.1721,-1.3311,0.6974,1.0
129.0,0.4000,0.1500,0.0180,0.7723,-0.7253,-1.2572,0.1721,-1.3311,0.6974,1.0
129.5,0.4000,0.1500,0.0180,0.7723,-0.7253,-1.2572,0.1721,-1.3311,0.6974,1.0
130.0,0.4000,0.1500,0.0180,0.7723,-0.7253,-1.2572,0.1721,-1.3311,0.6974,1.0
130.5,0.4000,0.1500,0.0180,0.7473,-0.6887,-1.1199,0.1731,-1.2717,0.6632,0.0
131.0,0.4000,0.1500,0.0180,0.7330,-0.6421,-0.9850,0.1676,-1.2959,0.6465,0.0
131.5,0.4000,0.1500,0.0180,0.7666,-0.6103,-0.9074,0.1605,-1.3416,0.6711,0.0
132.0,0.4000,0.1500,0.0180,0.7763,-0.6016,-0.9001,0.1595,-1.3889,0.6832,0.0
132.5,0.4000,0.1500,0.0180,0.7593,-0.5989,-0.9089,0.1566,-1.4427,0.6902,0.0
133.0,0.4000,0.1500,0.0180,0.7604,-0.5894,-0.9651,0.1570,-1.4879,0.7144,0.0
133.5,0.4000,0.1500,0.0180,0.7334,-0.6036,-1.0572,0.1516,-1.4749,0.7000,0.0
134.0,0.4000,0.1500,0.0180,0.6663,-0.6459,-1.1628,0.1428,-1.4190,0.6459,0.0
134.5,0.4000,0.1500,0.0180,0.6462,-0.6586,-1.1945,0.1401,-1.4022,0.6296,0.0
135.0,0.4000,0.1500,0.0180,0.6462,-0.6586,-1.1945,0.1401,-1.4022,0.6296,0.0
135.5,0.4000,0.1500,0.0180,0.6462,-0.6586,-1.1945,0.1401,-1.4022,0.6296,0.0
136.0,0.4000,0.1500,0.0180,0.6462,-0.6586,-1.1945,0.1401,-1.4022,0.6296,0.0
136.5,0.4000,0.1500,0.0180,0.6462,-0.6586,-1.1945,0.1401,-1.4022,0.6296,0.0
137.0,0.4000,0.1500,0.0180,0.6462,-0.6586,-1.1945,0.1401,-1.4022,0.6296,0.0
137.5,0.4000,0.1500,0.0180,0.6817,-0.6484,-1.1539,0.1470,-1.4161,0.6420,0.0
138.0,0.4000,0.1500,0.0180,0.7634,-0.6299,-1.0461,0.1542,-1.4301,0.6877,0.0
138.5,0.4000,0.1500,0.0180,0.8543,-0.6144,-0.9889,0.1574,-1.4337,0.7521,0.0
139.0,0.4000,0.1500,0.0180,0.9408,-0.5901,-0.9940,0.1612,-1.4242,0.8210,0.0
139.5,0.4000,0.1500,0.0180,1.0042,-0.5627,-1.0286,0.1614,-1.3899,0.8759,0.0
140.0,0.4000,0.1500,0.0180,1.0451,-0.5418,-1.1155,0.1582,-1.3529,0.9165,0.0
140.5,0.4000,0.1500,0.0180,1.0738,-0.5245,-1.1942,0.1559,-1.3045,0.9490,0.0
141.0,0.4000,0.1500,0.0180,1.0576,-0.5380,-1.2446,0.1541,-1.2628,0.9423,0.0
141.5,0.4000,0.1500,0.0180,1.0482,-0.5458,-1.2739,0.1530,-1.2387,0.9384,0.0
142.0,0.4000,0.1500,0.0180,1.0482,-0.5458,-1.2739,0.1530,-1.2387,0.9384,0.0
142.5,0.4000,0.1500,0.0180,1.0482,-0.5458,-1.2739,0.1530,-1.2387,0.9384,0.0
143.0,0.4000,0.1500,0.0180,1.0482,-0.5458,-1.2739,0.1530,-1.2387,0.9384,0.0
143.5,0.4000,0.1500,0.0180,1.0482,-0.5458,-1.2739,0.1530,-1.2387,0.9384,0.0
144.0,0.4000,0.1500,0.0180,1.0482,-0.5458,-1.2739,0.1530,-1.2387,0.9384,0.0
144.5,0.4000,0.1500,0.0180,1.0482,-0.5458,-1.2739,0.1530,-1.2387,0.9384,0.0
145.0,0.4000,0.1500,0.0180,1.0243,-0.5617,-1.1976,0.1527,-1.2471,0.8893,0.0
145.5,0.4000,0.1500,0.0180,1.0419,-0.5566,-1.1092,0.1379,-1.2898,0.9006,0.0
146.0,0.4000,0.1500,0.0180,1.0723,-0.5364,-1.0990,0.1258,-1.3550,0.9405,0.0
146.5,0.4000,0.1500,0.0180,1.0498,-0.5167,-1.1297,0.1202,-1.3803,0.9419,0.0
147.0,0.4000,0.1500,0.0180,1.0205,-0.5171,-1.1775,0.1213,-1.3833,0.9481,0.0
147.5,0.4000,0.1500,0.0180,1.0401,-0.5265,-1.2039,0.1252,-1.3684,0.9627,0.0
148.0,0.4000,0.1500,0.0180,1.0362,-0.5422,-1.2226,0.1282,-1.3572,0.9620,0.0
148.5,0.4000,0.1500,0.0180,1.0584,-0.5379,-1.1922,0.1278,-1.3123,0.9519,0.0
149.0,0.4000,0.1500,0.0180,1.0695,-0.5358,-1.1769,0.1276,-1.2898,0.9468,0.0
149.5,0.4000,0.1500,0.0180,1.0695,-0.5358,-1.1769,0.1276,-1.2898,0.9468,0.0
150.0,0.4000,0.1500,0.0180,1.0695,-0.5358,-1.1769,0.1276,-1.2898,0.9468,0.0
150.5,0.4000,0.1500,0.0180,1.0695,-0.5358,-1.1769,0.1276,-1.2898,0.9468,0.0
151.0,0.4000,0.1500,0.0180,1.0695,-0.5358,-1.1769,0.1276,-1.2898,0.9468,0.0
151.5,0.4000,0.1500,0.0180,1.0695,-0.5358,-1.1769,0.1276,-1.2898,0.9468,0.0
152.0,0.4000,0.1500,0.0180,1.0667,-0.5369,-1.1695,0.1274,-1.2929,0.9500,0.0
152.5,0.4000,0.1500,0.0180,1.0873,-0.5438,-1.0779,0.1296,-1.3258,1.0059,0.0
153.0,0.4000,0.1500,0.0180,1.1051,-0.5286,-1.0549,0.1380,-1.3361,1.0439,0.0
153.5,0.4000,0.1500,0.0180,1.1079,-0.5160,-1.0919,0.1413,-1.3746,1.0971,0.0
154.0,0.4000,0.1500,0.0180,1.1136,-0.5230,-1.1245,0.1430,-1.3874,1.1237,0.0
154.5,0.4000,0.1500,0.0180,1.0901,-0.5330,-1.1395,0.1429,-1.3658,1.1138,0.0
155.0,0.4000,0.1500,0.0180,1.0780,-0.5669,-1.1559,0.1376,-1.3836,1.0957,0.0
155.5,0.4000,0.1500,0.0180,1.0486,-0.6026,-1.1812,0.1280,-1.4319,1.0625,0.0
156.0,0.4000,0.1500,0.0180,1.0191,-0.6325,-1.1955,0.1204,-1.4870,1.0314,0.0
156.5,0.4000,0.1500,0.0180,1.0191,-0.6325,-1.1955,0.1204,-1.4870,1.0314,0.0
157.0,0.4000,0.1500,0.0180,1.0191,-0.6325,-1.1955,0.1204,-1.4870,1.0314,0.0
157.5,0.4000,0.1500,0.0180,1.0191,-0.6325,-1.1955,0.1204,-1.4870,1.0314,0.0
158.0,0.4000,0.1500,0.0180,1.0191,-0.6325,-1.1955,0.1204,-1.4870,1.0314,0.0
158.5,0.4000,0.1500,0.0180,1.0191,-0.6325,-1.1955,0.1204,-1.4870,1.0314,0.0
159.0,0.4000,0.1500,0.0180,1.0191,-0.6325,-1.1955,0.1204,-1.4870,1.0314,0.0
159.5,0.4000,0.1500,0.0180,0.9940,-0.5894,-1.0671,0.1279,-1.4138,0.9626,0.0
160.0,0.4000,0.1500,0.0180,0.9624,-0.5571,-0.9888,0.1348,-1.3768,0.9013,0.0
160.5,0.4000,0.1500,0.0180,0.9973,-0.5383,-0.9879,0.1540,-1.3747,0.9159,0.0
161.0,0.4000,0.1500,0.0180,1.0613,-0.5378,-1.0228,0.1670,-1.4200,0.9957,0.0
161.5,0.4000,0.1500,0.0180,1.1046,-0.5473,-1.0539,0.1719,-1.4335,1.0431,0.0
162.0,0.4000,0.1500,0.0180,1.1109,-0.5460,-1.1268,0.1667,-1.3968,1.0503,0.0
162.5,0.4000,0.1500,0.0180,1.0930,-0.5472,-1.2353,0.1622,-1.3719,1.0482,0.0
163.0,0.4000,0.1500,0.0180,1.0740,-0.5507,-1.3417,0.1582,-1.3487,1.0443,0.0
163.5,0.4000,0.1500,0.0180,1.0732,-0.5509,-1.3460,0.1581,-1.3478,1.0442,0.0
164.0,0.4000,0.1500,0.0180,1.0732,-0.5509,-1.3460,0.1581,-1.3478,1.0442,0.0
164.5,0.4000,0.1500,0.0180,1.0732,-0.5509,-1.3460,0.1581,-1.3478,1.0442,0.0
165.0,0.4000,0.1500,0.0180,1.0732,-0.5509,-1.3460,0.1581,-1.3478,1.0442,0.0
165.5,0.4000,0.1500,0.0180,1.0732,-0.5509,-1.3460,0.1581,-1.3478,1.0442,0.0
166.0,0.4000,0.1500,0.0180,1.0732,-0.5509,-1.3460,0.1581,-1.3478,1.0442,0.0
166.5,0.4000,0.1500,0.0180,1.1068,-0.5641,-1.1582,0.1572,-1.3268,1.0644,0.0
167.0,0.4000,0.1500,0.0180,1.0969,-0.5784,-1.0071,0.1650,-1.3583,1.0507,0.0
167.5,0.4000,0.1500,0.0180,1.0927,-0.5683,-0.9737,0.1736,-1.3702,1.0495,0.0
168.0,0.4000,0.1500,0.0180,1.0939,-0.5469,-1.0106,0.1728,-1.3411,1.0424,0.0
168.5,0.4000,0.1500,0.0180,1.0868,-0.5302,-1.0665,0.1774,-1.3265,1.0349,0.0
169.0,0.4000,0.1500,0.0180,1.0792,-0.5089,-1.1333,0.1807,-1.3111,1.0013,0.0
169.5,0.4000,0.1500,0.0180,1.1000,-0.4925,-1.1774,0.1741,-1.2740,0.9974,0.0
170.0,0.4000,0.1500,0.0180,1.1029,-0.4755,-1.1934,0.1691,-1.1783,0.9775,0.0
170.5,0.4000,0.1500,0.0180,1.1039,-0.4699,-1.1986,0.1675,-1.1471,0.9710,0.0
171.0,0.4000,0.1500,0.0180,1.1039,-0.4699,-1.1986,0.1675,-1.1471,0.9710,0.0
171.5,0.4000,0.1500,0.0180,1.1039,-0.4699,-1.1986,0.1675,-1.1471,0.9710,0.0
172.0,0.4000,0.1500,0.0180,1.1039,-0.4699,-1.1986,0.1675,-1.1471,0.9710,0.0
172.5,0.4000,0.1500,0.0180,1.1039,-0.4699,-1.1986,0.1675,-1.1471,0.9710,0.0
173.0,0.4000,0.1500,0.0180,1.1039,-0.4699,-1.1986,0.1675,-1.1471,0.9710,0.0
173.5,0.4000,0.1500,0.0180,1.0543,-0.4833,-1.1326,0.1662,-1.2048,0.9555,0.0
174.0,0.4000,0.1500,0.0180,1.0292,-0.4939,-1.0457,0.1627,-1.2657,0.9566,0.0
174.5,0.4000,0.1500,0.0180,1.0786,-0.4902,-1.0142,0.1624,-1.3164,1.0197,0.0
175.0,0.4000,0.1500,0.0180,1.1205,-0.4706,-0.9970,0.1600,-1.3504,1.0770,0.0
175.5,0.4000,0.1500,0.0180,1.1494,-0.4696,-1.0112,0.1560,-1.3659,1.1016,0.0
176.0,0.4000,0.1500,0.0180,1.1713,-0.4778,-1.0330,0.1468,-1.3148,1.1150,0.0
176.5,0.4000,0.1500,0.0180,1.1542,-0.4901,-1.1132,0.1439,-1.2737,1.1231,0.0
177.0,0.4000,0.1500,0.0180,1.1083,-0.5220,-1.2181,0.1400,-1.2227,1.0806,0.0
177.5,0.4000,0.1500,0.0180,1.0826,-0.5399,-1.2769,0.1379,-1.1941,1.0568,0.0
178.0,0.4000,0.1500,0.0180,1.0826,-0.5399,-1.2769,0.1379,-1.1941,1.0568,0.0
178.5,0.4000,0.1500,0.0180,1.0826,-0.5399,-1.2769,0.1379,-1.1941,1.0568,0.0
179.0,0.4000,0.1500,0.0180,1.0826,-0.5399,-1.2769,0.1379,-1.1941,1.0568,0.0
179.5,0.4000,0.1500,0.0180,1.0826,-0.5399,-1.2769,0.1379,-1.1941,1.0568,0.0
180.0,0.4000,0.1500,0.0180,1.0826,-0.5399,-1.2769,0.1379,-1.1941,1.0568,0.0
180.5,0.4000,0.1500,0.0180,1.0826,-0.5399,-1.2769,0.1379,-1.1941,1.0568,0.0
181.0,0.4000,0.1500,0.0180,1.0912,-0.5425,-1.1471,0.1506,-1.2108,1.0645,0.0
181.5,0.4000,0.1500,0.0180,1.1596,-0.5300,-1.0274,0.1462,-1.2906,1.1133,0.0
182.0,0.4000,0.1500,0.0180,1.2430,-0.5000,-1.0207,0.1321,-1.3747,1.1849,0.0
182.5,0.4000,0.1500,0.0180,1.3076,-0.4882,-1.0484,0.1297,-1.4210,1.2498,0.0
183.0,0.4000,0.1500,0.0180,1.3332,-0.5132,-1.0889,0.1278,-1.4284,1.2788,0.0
183.5,0.4000,0.1500,0.0180,1.3804,-0.5154,-1.1373,0.1301,-1.4526,1.3237,0.0
184.0,0.4000,0.1500,0.0180,1.4018,-0.5161,-1.2123,0.1284,-1.4400,1.3579,0.0
184.5,0.4000,0.1500,0.0180,1.4105,-0.5244,-1.2969,0.1262,-1.4227,1.3759,0.0
185.0,0.4000,0.1500,0.0180,1.4138,-0.5277,-1.3297,0.1253,-1.4159,1.3829,0.0
185.5,0.4000,0.1500,0.0180,1.4138,-0.5277,-1.3297,0.1253,-1.4159,1.3829,0.0
186.0,0.4000,0.1500,0.0180,1.4138,-0.5277,-1.3297,0.1253,-1.4159,1.3829,0.0
186.5,0.4000,0.1500,0.0180,1.4138,-0.5277,-1.3297,0.1253,-1.4159,1.3829,0.0
187.0,0.4000,0.1500,0.0180,1.4138,-0.5277,-1.3297,0.1253,-1.4159,1.3829,0.0
187.5,0.4000,0.1500,0.0180,1.4138,-0.5277,-1.3297,0.1253,-1.4159,1.3829,0.0
188.0,0.4000,0.1500,0.0180,1.4220,-0.5371,-1.2168,0.1320,-1.4011,1.3810,0.0
188.5,0.4000,0.1500,0.0180,1.4315,-0.5260,-0.9774,0.1460,-1.3610,1.3939,0.0
189.0,0.4000,0.1500,0.0180,1.5201,-0.5215,-0.8966,0.1484,-1.3677,1.4607,0.0
189.5,0.4000,0.1500,0.0180,1.6255,-0.5333,-0.8843,0.1464,-1.4101,1.5484,0.0
190.0,0.4000,0.1500,0.0180,1.6596,-0.5461,-0.9123,0.1451,-1.4457,1.5851,0.0
190.5,0.4000,0.1500,0.0180,1.6516,-0.5463,-0.9750,0.1509,-1.4525,1.5951,0.0
191.0,0.4000,0.1500,0.0180,1.5923,-0.5678,-1.0260,0.1524,-1.4511,1.5510,0.0
191.5,0.4000,0.1500,0.0180,1.5407,-0.5946,-1.0805,0.1497,-1.4405,1.5060,0.0
192.0,0.4000,0.1500,0.0180,1.5081,-0.6118,-1.1162,0.1479,-1.4338,1.4774,0.0
192.5,0.4000,0.1500,0.0180,1.5081,-0.6118,-1.1162,0.1479,-1.4338,1.4774,0.0
193.0,0.4000,0.1500,0.0180,1.5081,-0.6118,-1.1162,0.1479,-1.4338,1.4774,0.0
193.5,0.4000,0.1500,0.0180,1.5081,-0.6118,-1.1162,0.1479,-1.4338,1.4774,0.0
194.0,0.4000,0.1500,0.0180,1.5081,-0.6118,-1.1162,0.1479,-1.4338,1.4774,0.0
194.5,0.4000,0.1500,0.0180,1.5081,-0.6118,-1.1162,0.1479,-1.4338,1.4774,0.0
195.0,0.4000,0.1500,0.0180,1.5081,-0.6118,-1.1162,0.1479,-1.4338,1.4774,0.0
195.5,0.4000,0.1500,0.0180,1.5557,-0.5896,-0.9714,0.1493,-1.4100,1.5242,0.0
196.0,0.4000,0.1500,0.0180,1.5938,-0.5485,-0.8008,0.1541,-1.4095,1.5659,0.0
196.5,0.4000,0.1500,0.0180,1.6036,-0.5099,-0.7545,0.1587,-1.4080,1.5562,0.0
197.0,0.4000,0.1500,0.0180,1.6322,-0.4826,-0.7564,0.1531,-1.3889,1.5668,0.0
197.5,0.4000,0.1500,0.0180,1.6625,-0.4477,-0.8163,0.1421,-1.3910,1.5812,0.0
198.0,0.4000,0.1500,0.0180,1.6797,-0.4315,-0.9111,0.1285,-1.3634,1.5905,0.0
198.5,0.4000,0.1500,0.0180,1.6387,-0.4379,-1.0073,0.1171,-1.3044,1.5564,0.0
199.0,0.4000,0.1500,0.0180,1.5992,-0.4440,-1.1207,0.1071,-1.2630,1.5182,0.0
199.5,0.4000,0.1500,0.0180,1.5818,-0.4467,-1.1706,0.1027,-1.2448,1.5014,0.0
200.0,0.4000,0.1500,0.0180,1.5818,-0.4467,-1.1706,0.1027,-1.2448,1.5014,0.0
200.5,0.4000,0.1500,0.0180,1.5818,-0.4467,-1.1706,0.1027,-1.2448,1.5014,0.0
201.0,0.4000,0.1500,0.0180,1.5818,-0.4467,-1.1706,0.1027,-1.2448,1.5014,0.0
201.5,0.4000,0.1500,0.0180,1.5818,-0.4467,-1.1706,0.1027,-1.2448,1.5014,0.0
202.0,0.4000,0.1500,0.0180,1.5818,-0.4467,-1.1706,0.1027,-1.2448,1.5014,0.0
202.5,0.4000,0.1500,0.0180,1.5818,-0.4467,-1.1706,0.1027,-1.2448,1.5014,0.0
203.0,0.4000,0.1500,0.0180,1.6175,-0.4494,-1.0348,0.1155,-1.2521,1.5669,0.0
203.5,0.4000,0.1500,0.0180,1.6879,-0.4596,-0.9219,0.1317,-1.3492,1.6415,0.0
204.0,0.4000,0.1500,0.0180,1.7250,-0.4716,-0.8919,0.1354,-1.4239,1.6740,0.0
204.5,0.4000,0.1500,0.0180,1.7473,-0.4676,-0.8887,0.1443,-1.4301,1.6780,0.0
205.0,0.4000,0.1500,0.0180,1.7424,-0.4579,-0.9138,0.1523,-1.4080,1.6913,0.0
205.5,0.4000,0.1500,0.0180,1.7356,-0.4454,-0.9616,0.1550,-1.3674,1.6964,0.0
206.0,0.4000,0.1500,0.0180,1.7752,-0.4534,-0.9972,0.1548,-1.3055,1.7464,0.0
206.5,0.4000,0.1500,0.0180,1.7843,-0.5006,-1.0195,0.1516,-1.2307,1.7665,0.0
207.0,0.4000,0.1500,0.0180,1.7875,-0.5176,-1.0275,0.1505,-1.2038,1.7738,0.0
207.5,0.4000,0.1500,0.0180,1.7875,-0.5176,-1.0275,0.1505,-1.2038,1.7738,0.0
208.0,0.4000,0.1500,0.0180,1.7875,-0.5176,-1.0275,0.1505,-1.2038,1.7738,0.0
208.5,0.4000,0.1500,0.0180,1.7875,-0.5176,-1.0275,0.1505,-1.2038,1.7738,0.0
209.0,0.4000,0.1500,0.0180,1.7875,-0.5176,-1.0275,0.1505,-1.2038,1.7738,0.0
209.5,0.4000,0.1500,0.0180,1.7875,-0.5176,-1.0275,0.1505,-1.2038,1.7738,0.0
210.0,0.4000,0.1500,0.0180,1.8026,-0.5123,-0.9344,0.1500,-1.2202,1.7862,0.0
210.5,0.4000,0.1500,0.0180,1.8438,-0.5067,-0.7736,0.1558,-1.2623,1.8495,0.0
211.0,0.4000,0.1500,0.0180,1.8953,-0.4891,-0.7329,0.1573,-1.3200,1.9150,0.0
211.5,0.4000,0.1500,0.0180,1.9374,-0.4590,-0.7307,0.1586,-1.3645,1.9638,0.0
212.0,0.4000,0.1500,0.0180,1.9302,-0.4467,-0.7587,0.1611,-1.3922,1.9760,0.0
212.5,0.4000,0.1500,0.0180,1.8900,-0.4455,-0.8215,0.1609,-1.3595,1.9578,0.0
213.0,0.4000,0.1500,0.0180,1.8713,-0.4308,-0.9115,0.1583,-1.2917,1.9484,0.0
213.5,0.4000,0.1500,0.0180,1.8132,-0.4275,-1.0204,0.1479,-1.2665,1.8840,0.0
214.0,0.4000,0.1500,0.0180,1.7762,-0.4254,-1.0916,0.1413,-1.2526,1.8415,0.0
214.5,0.4000,0.1500,0.0180,1.7762,-0.4254,-1.0916,0.1413,-1.2526,1.8415,0.0
215.0,0.4000,0.1500,0.0180,1.7762,-0.4254,-1.0916,0.1413,-1.2526,1.8415,0.0
215.5,0.4000,0.1500,0.0180,1.7762,-0.4254,-1.0916,0.1413,-1.2526,1.8415,0.0
216.0,0.4000,0.1500,0.0180,1.7762,-0.4254,-1.0916,0.1413,-1.2526,1.8415,0.0
216.5,0.4000,0.1500,0.0180,1.7762,-0.4254,-1.0916,0.1413,-1.2526,1.8415,0.0
217.0,0.4000,0.1500,0.0180,1.7785,-0.4263,-1.0759,0.1416,-1.2496,1.8398,0.0
217.5,0.4000,0.1500,0.0180,1.8559,-0.4425,-0.7535,0.1404,-1.2301,1.8468,0.0
